Workbook

Sheet Data
A1: Name | B1: Date | D1: Model | E1: Objective | F1: Subobjective | G1: N | H1: Instance | J1: Cuts | K1: Presolve | L1: Heuristics | M1: Runtime | O1: Value | P1: Bound | Q1: MIP Gap | R1: Sol Count | S1: Node Count
A2: NU-111-StripPacking-15-0 | B2: 46003 | D2: NU | E2: StripPacking | G2: 15 | H2: 0 | J2: 1 | K2: 1 | L2: 1 | O2: 60 | P2: 32 | Q2: 0.466667
A3: NU-111-StripPacking-15-1 | B3: 46003 | D3: NU | E3: StripPacking | G3: 15 | H3: 1 | J3: 1 | K3: 1 | L3: 1 | O3: 50 | P3: 50 | Q3: 0
A4: NU-111-StripPacking-15-2 | B4: 46003 | D4: NU | E4: StripPacking | G4: 15 | H4: 2 | J4: 1 | K4: 1 | L4: 1 | O4: 53 | P4: 45 | Q4: 0.150943
A5: NU-111-StripPacking-15-3 | B5: 46003 | D5: NU | E5: StripPacking | G5: 15 | H5: 3 | J5: 1 | K5: 1 | L5: 1 | O5: 62.1 | P5: 30 | Q5: 0.516908
A6: NU-111-StripPacking-25-0 | B6: 46003 | D6: NU | E6: StripPacking | G6: 25 | H6: 0 | J6: 1 | K6: 1 | L6: 1 | O6: 106.2 | P6: 34 | Q6: 0.679849
A7: NU-111-StripPacking-25-1 | B7: 46003 | D7: NU | E7: StripPacking | G7: 25 | H7: 1 | J7: 1 | K7: 1 | L7: 1 | O7: 99.2 | P7: 43 | Q7: 0.566532
A8: NU-111-StripPacking-25-2 | B8: 46003 | D8: NU | E8: StripPacking | G8: 25 | H8: 2 | J8: 1 | K8: 1 | L8: 1 | O8: 97.9 | P8: 41 | Q8: 0.581205
A9: NU-111-StripPacking-25-3 | B9: 46003 | D9: NU | E9: StripPacking | G9: 25 | H9: 3 | J9: 1 | K9: 1 | L9: 1 | O9: 93.4 | P9: 36 | Q9: 0.614561
A11: SU-111-StripPacking-15-0 | B11: 46003 | D11: SU | E11: StripPacking | G11: 15 | H11: 0 | J11: 1 | K11: 1 | L11: 1 | O11: 54 | P11: 32 | Q11: 0.407407
A12: SU-111-StripPacking-15-1 | B12: 46003 | D12: SU | E12: StripPacking | G12: 15 | H12: 1 | J12: 1 | K12: 1 | L12: 1 | O12: 51 | P12: 50 | Q12: 0.019608
A13: SU-111-StripPacking-15-2 | B13: 46003 | D13: SU | E13: StripPacking | G13: 15 | H13: 2 | J13: 1 | K13: 1 | L13: 1 | O13: 55 | P13: 45 | Q13: 0.181818
A14: SU-111-StripPacking-15-3 | B14: 46003 | D14: SU | E14: StripPacking | G14: 15 | H14: 3 | J14: 1 | K14: 1 | L14: 1 | O14: 53 | P14: 30 | Q14: 0.433962
... A54: SBM-111-StripPacking-25-3 | B54: 46005 | D54: SBM | E54: StripPacking | G54: 25 | H54: 3 | J54: 1 | K54: 1 | L54: 1 | O54: 93.4 | P54: 36 | Q54: 0.614561

Sheet Sheet2
C1: Time/Gap
C2: NU | D2: SU | E2: RU | F2: HU | G2: SBL | H2: SBM
A3: 15 | B3: 0 | C3: =Data!Q2 -> 0.466667 | D3: =Data!Q11 -> 0.407407 | E3: =Data!Q20 -> 0.452496 | F3: =Data!Q29 -> 0.484702 | G3: =Data!Q38 -> 0.396226 | H3: =Data!Q47 -> 0.484702
B4: 1 | C4: 288s | D4: =Data!Q12 -> 0.019608 | E4: =Data!Q21 -> 0.107143 | F4: =Data!Q30 -> 0.350649 | G4: 76.3s | H4: =Data!Q48 -> 0.090909
B5: 2 | C5: =Data!Q4 -> 0.150943 | D5: =Data!Q13 -> 0.181818 | E5: =Data!Q22 -> 0.423816 | F5: =Data!Q31 -> 0.423816 | G5: =Data!Q40 -> 0.262295 | H5: =Data!Q49 -> 0.150943
B6: 3 | C6: =Data!Q5 -> 0.516908 | D6: =Data!Q14 -> 0.433962 | E6: =Data!Q23 -> 0.516908 | F6: =Data!Q32 -> 0.516908 | G6: =Data!Q41 -> 0.444444 | H6: =Data!Q50 -> 0.387755
A7: 25 | B7: 0 | C7: =Data!Q6 -> 0.679849 | D7: =Data!Q15 -> 0.679849 | E7: =Data!Q24 -> 0.679849 | F7: =Data!Q33 -> 0.679849 | G7: =Data!Q42 -> 0.679849 | H7: =Data!Q51 -> 0.679849
B8: 1 | C8: =Data!Q7 -> 0.566532 | D8: =Data!Q16 -> 0.566532 | E8: =Data!Q25 -> 0.566532 | F8: =Data!Q34 -> 0.566532 | G8: =Data!Q43 -> 0.566532 | H8: =Data!Q52 -> 0.566532
B9: 2 | C9: =Data!Q8 -> 0.581205 | D9: =Data!Q17 -> 0.581205 | E9: =Data!Q26 -> 0.581205 | F9: =Data!Q35 -> 0.581205 | G9: =Data!Q44 -> 0.581205 | H9: =Data!Q53 -> 0.581205
B10: 3 | C10: =Data!Q9 -> 0.614561 | D10: =Data!Q18 -> 0.614561 | E10: =Data!Q27 -> 0.614561 | F10: =Data!Q36 -> 0.614561 | G10: =Data!Q45 -> 0.614561 | H10: =Data!Q54 -> 0.614561
C12: Primal
C13: NU | D13: SU | E13: RU | F13: HU | G13: SBL | H13: SBM
A14: 15 | B14: 0 | C14: =Data!O2 -> 60 | D14: =Data!O11 -> 54 | E14: =Data!O20 -> 62.1 | F14: =Data!O29 -> 62.1 | G14: =Data!O38 -> 53 | H14: =Data!O47 -> 62.1
B15: 1 | C15: =Data!O3 -> 50 | D15: =Data!O12 -> 51 | E15: =Data!O21 -> 56 | F15: =Data!O30 -> 77 | G15: =Data!O39 -> 50 | H15: =Data!O48 -> 55
B16: 2 | C16: =Data!O4 -> 53 | D16: =Data!O13 -> 55 | E16: =Data!O22 -> 78.1 | F16: =Data!O31 -> 78.1 | G16: =Data!O40 -> 61 | H16: =Data!O49 -> 53
B17: 3 | C17: =Data!O5 -> 62.1 | D17: =Data!O14 -> 53 | E17: =Data!O23 -> 62.1 | F17: =Data!O32 -> 62.1 | G17: =Data!O41 -> 54 | H17: =Data!O50 -> 49
A18: 25 | B18: 0 | C18: =Data!O6 -> 106.2 | D18: =Data!O15 -> 106.2 | E18: =Data!O24 -> 106.2 | F18: =Data!O33 -> 106.2 | G18: =Data!O42 -> 106.2 | H18: =Data!O51 -> 106.2
B19: 1 | C19: =Data!O7 -> 99.2 | D19: =Data!O16 -> 99.2 | E19: =Data!O25 -> 99.2 | F19: =Data!O34 -> 99.2 | G19: =Data!O43 -> 99.2 | H19: =Data!O52 -> 99.2
B20: 2 | C20: =Data!O8 -> 97.9 | D20: =Data!O17 -> 97.9 | E20: =Data!O26 -> 97.9 | F20: =Data!O35 -> 97.9 | G20: =Data!O44 -> 97.9 | H20: =Data!O53 -> 97.9
B21: 3 | C21: =Data!O9 -> 93.4 | D21: =Data!O18 -> 93.4 | E21: =Data!O27 -> 93.4 | F21: =Data!O36 -> 93.4 | G21: =Data!O45 -> 93.4 | H21: =Data!O54 -> 93.4
C23: Dual
C24: NU | D24: SU | E24: RU | F24: HU | G24: SBL | H24: SBM
A25: 15 | B25: 0 | C25: =Data!P2 -> 32 | D25: =Data!P11 -> 32 | E25: =Data!P20 -> 34 | F25: =Data!P29 -> 32 | G25: =Data!P38 -> 32 | H25: =Data!P47 -> 32
B26: 1 | C26: =Data!P3 -> 50 | D26: =Data!P12 -> 50 | E26: =Data!P21 -> 50 | F26: =Data!P30 -> 50 | G26: =Data!P39 -> 50 | H26: =Data!P48 -> 50
B27: 2 | C27: =Data!P4 -> 45 | D27: =Data!P13 -> 45 | E27: =Data!P22 -> 45 | F27: =Data!P31 -> 45 | G27: =Data!P40 -> 45 | H27: =Data!P49 -> 45
B28: 3 | C28: =Data!P5 -> 30 | D28: =Data!P14 -> 30 | E28: =Data!P23 -> 30 | F28: =Data!P32 -> 30 | G28: =Data!P41 -> 30 | H28: =Data!P50 -> 30
A29: 25 | B29: 0 | C29: =Data!P6 -> 34 | D29: =Data!P15 -> 34 | E29: =Data!P24 -> 34 | F29: =Data!P33 -> 34 | G29: =Data!P42 -> 34 | H29: =Data!P51 -> 34
B30: 1 | C30: =Data!P7 -> 43 | D30: =Data!P16 -> 43 | E30: =Data!P25 -> 43 | F30: =Data!P34 -> 43 | G30: =Data!P43 -> 43 | H30: =Data!P52 -> 43
B31: 2 | C31: =Data!P8 -> 41 | D31: =Data!P17 -> 41 | E31: =Data!P26 -> 41 | F31: =Data!P35 -> 41 | G31: =Data!P44 -> 41 | H31: =Data!P53 -> 41
B32: 3 | C32: =Data!P9 -> 36 | D32: =Data!P18 -> 36 | E32: =Data!P27 -> 36 | F32: =Data!P36 -> 36 | G32: =Data!P45 -> 36 | H32: =Data!P54 -> 36
C34: Nodes
C35: NU | D35: SU | E35: RU | F35: HU | G35: SBL | H35: SBM
A36: 15 | B36: 0 | C36: 10198575 | D36: 6978860 | E36: 2081367 | F36: 3943450 | G36: 6806271 | H36: 1995556
B37: 1 | C37: *845022 | D37: 8434250 | E37: 2803911 | F37: 5235598 | G37: *179147 | H37: 1937472
B38: 2 | C38: 10243503 | D38: 7670485 | E38: 2059097 | F38: 4532472 | G38: 6762252 | H38: 2565551
B39: 3 | C39: 10290747 | D39: 7073962 | E39: 2118758 | F39: 4131230 | G39: 7561354 | H39: 2198427
A40: 25 | B40: 0 | C40: 4836338 | D40: 2501047 | E40: 118629 | F40: 1044477 | G40: 1511983 | H40: 429062
B41: 1 | C41: 4690804 | D41: 2669873 | E41: 138998 | F41: 1212833 | G41: 2460493 | H41: 429062
B42: 2 | C42: 4820580 | D42: 2785044 | E42: 163712 | F42: 1125667 | G42: 1558008 | H42: 496394
B43: 3 | C43: 4410321 | D43: 2510292 | E43: 117184 | F43: 1425450 | G43: 1857394 | H43: 489488
